isolate,treatment,replicate,group,variable,value
PAO1,con,2,1,128,0.404
KT2440,con,2,1,128,0.384
4A7,con,2,1,128,0.07400000000000001
6C6,con,2,1,128,0.058
20A1,con,2,1,128,0.075
31A8,con,2,1,128,0.833
34A1,con,2,1,128,0.245
PAO1,con,2,1,64,0.343
KT2440,con,2,1,64,0.481
4A7,con,2,1,64,0.59
6C6,con,2,1,64,0.058
20A1,con,2,1,64,0.065
31A8,con,2,1,64,0.6629999999999999
34A1,con,2,1,64,0.539
PAO1,con,2,1,32,0.332
KT2440,con,2,1,32,0.72
4A7,con,2,1,32,0.431
6C6,con,2,1,32,0.031
20A1,con,2,1,32,0.002
31A8,con,2,1,32,0.639
34A1,con,2,1,32,0.6920000000000001
PAO1,con,2,1,16,0.63
KT2440,con,2,1,16,1.264
4A7,con,2,1,16,0.415
6C6,con,2,1,16,0.262
20A1,con,2,1,16,0.053
31A8,con,2,1,16,0.949
34A1,con,2,1,16,1.09
PAO1,con,2,1,8,0.87
KT2440,con,2,1,8,1.439
4A7,con,2,1,8,0.4920000000000001
6C6,con,2,1,8,0.239
20A1,con,2,1,8,0.364
31A8,con,2,1,8,1.203
34A1,con,2,1,8,1.25
PAO1,con,2,1,4,1.092
KT2440,con,2,1,4,1.484
4A7,con,2,1,4,0.815
6C6,con,2,1,4,0.387
20A1,con,2,1,4,0.5660000000000001
31A8,con,2,1,4,1.28
34A1,con,2,1,4,1.298
PAO1,con,2,1,2,1.152
KT2440,con,2,1,2,1.485
4A7,con,2,1,2,0.901
6C6,con,2,1,2,0.41
20A1,con,2,1,2,0.706
31A8,con,2,1,2,1.32
34A1,con,2,1,2,1.329
PAO1,con,2,1,1,1.294
KT2440,con,2,1,1,1.462
4A7,con,2,1,1,0.985
6C6,con,2,1,1,0.51
20A1,con,2,1,1,0.919
31A8,con,2,1,1,1.257
34A1,con,2,1,1,1.308
PAO1,con,2,1,.5,1.263
KT2440,con,2,1,.5,1.499
4A7,con,2,1,.5,0.971
6C6,con,2,1,.5,0.5329999999999999
20A1,con,2,1,.5,0.813
31A8,con,2,1,.5,1.255
34A1,con,2,1,.5,1.308
PAO1,con,2,1,.25,1.248
KT2440,con,2,1,.25,1.482
4A7,con,2,1,.25,1.134
6C6,con,2,1,.25,0.568
20A1,con,2,1,.25,0.856
31A8,con,2,1,.25,1.354
34A1,con,2,1,.25,1.311
PAO1,con,2,1,GC,1.274
KT2440,con,2,1,GC,1.4680000000000002
4A7,con,2,1,GC,1.089
6C6,con,2,1,GC,0.569
20A1,con,2,1,GC,0.885
31A8,con,2,1,GC,1.335
34A1,con,2,1,GC,1.2990000000000002
PAO1,con,2,1,SC,-0.001
KT2440,con,2,1,SC,-0.0
4A7,con,2,1,SC,-0.0
6C6,con,2,1,SC,0.0
20A1,con,2,1,SC,0.001
31A8,con,2,1,SC,-0.0
34A1,con,2,1,SC,-0.001
PAO1,inh,3,1,128,0.05
KT2440,inh,3,1,128,0.019
4A7,inh,3,1,128,0.019
6C6,inh,3,1,128,0.008
20A1,inh,3,1,128,0.019
31A8,inh,3,1,128,0.013
34A1,inh,3,1,128,0.021
PAO1,inh,3,1,64,0.026
KT2440,inh,3,1,64,0.01
4A7,inh,3,1,64,0.016
6C6,inh,3,1,64,0.024
20A1,inh,3,1,64,0.027000000000000003
31A8,inh,3,1,64,0.038
34A1,inh,3,1,64,0.032
PAO1,inh,3,1,32,0.004
KT2440,inh,3,1,32,0.002
4A7,inh,3,1,32,0.002
6C6,inh,3,1,32,0.008
20A1,inh,3,1,32,0.006
31A8,inh,3,1,32,0.006
34A1,inh,3,1,32,0.006999999999999999
PAO1,inh,3,1,16,0.002
KT2440,inh,3,1,16,-0.0
4A7,inh,3,1,16,-0.001
6C6,inh,3,1,16,0.002
20A1,inh,3,1,16,0.0
31A8,inh,3,1,16,0.001
34A1,inh,3,1,16,-0.001
PAO1,inh,3,1,8,0.175
KT2440,inh,3,1,8,-0.0
4A7,inh,3,1,8,0.0
6C6,inh,3,1,8,0.002
20A1,inh,3,1,8,-0.0
31A8,inh,3,1,8,0.001
34A1,inh,3,1,8,-0.002
PAO1,inh,3,1,4,0.526
KT2440,inh,3,1,4,-0.001
4A7,inh,3,1,4,0.0
6C6,inh,3,1,4,0.014
20A1,inh,3,1,4,0.001
31A8,inh,3,1,4,0.001
34A1,inh,3,1,4,0.001
PAO1,inh,3,1,2,0.675
KT2440,inh,3,1,2,-0.0
4A7,inh,3,1,2,-0.0
6C6,inh,3,1,2,0.102
20A1,inh,3,1,2,0.002
31A8,inh,3,1,2,0.017
34A1,inh,3,1,2,-0.001
PAO1,inh,3,1,1,0.6559999999999999
KT2440,inh,3,1,1,0.342
4A7,inh,3,1,1,0.006999999999999999
6C6,inh,3,1,1,0.145
20A1,inh,3,1,1,0.002
31A8,inh,3,1,1,0.599
34A1,inh,3,1,1,-0.002
PAO1,inh,3,1,.5,0.696
KT2440,inh,3,1,.5,0.981
4A7,inh,3,1,.5,0.54
6C6,inh,3,1,.5,0.28300000000000003
20A1,inh,3,1,.5,0.055
31A8,inh,3,1,.5,1.052
34A1,inh,3,1,.5,0.079
PAO1,inh,3,1,.25,0.774
KT2440,inh,3,1,.25,1.085
4A7,inh,3,1,.25,0.466
6C6,inh,3,1,.25,0.25
20A1,inh,3,1,.25,0.2
31A8,inh,3,1,.25,0.982
34A1,inh,3,1,.25,0.6709999999999999
PAO1,inh,3,1,GC,0.893
KT2440,inh,3,1,GC,1.351
4A7,inh,3,1,GC,0.614
6C6,inh,3,1,GC,0.257
20A1,inh,3,1,GC,0.218
31A8,inh,3,1,GC,0.995
34A1,inh,3,1,GC,0.985
PAO1,inh,3,1,SC,-0.001
KT2440,inh,3,1,SC,-0.001
4A7,inh,3,1,SC,-0.001
6C6,inh,3,1,SC,-0.001
20A1,inh,3,1,SC,-0.0
31A8,inh,3,1,SC,0.0
34A1,inh,3,1,SC,0.003
8A1,con,2,3,32,0.002
10A6,con,2,3,32,0.001
39A1,con,2,3,32,0.002
57B2,con,2,3,32,0.0
62A4,con,2,3,32,0.051
109A1,con,2,3,32,-0.0
8A1,con,2,3,16,-0.001
10A6,con,2,3,16,0.0
39A1,con,2,3,16,0.0
57B2,con,2,3,16,0.001
62A4,con,2,3,16,-0.0
109A1,con,2,3,16,-0.0
8A1,con,2,3,8,0.0
10A6,con,2,3,8,0.001
39A1,con,2,3,8,0.0
57B2,con,2,3,8,0.001
62A4,con,2,3,8,0.0
109A1,con,2,3,8,0.0
8A1,con,2,3,4,-0.0
10A6,con,2,3,4,0.001
39A1,con,2,3,4,0.0
57B2,con,2,3,4,0.01
62A4,con,2,3,4,0.0
109A1,con,2,3,4,0.001
8A1,con,2,3,2,0.001
10A6,con,2,3,2,0.002
39A1,con,2,3,2,0.001
57B2,con,2,3,2,0.041
62A4,con,2,3,2,0.001
109A1,con,2,3,2,0.004
8A1,con,2,3,1,0.004
10A6,con,2,3,1,0.002
39A1,con,2,3,1,0.001
57B2,con,2,3,1,0.08900000000000001
62A4,con,2,3,1,0.001
109A1,con,2,3,1,0.01
8A1,con,2,3,.5,0.014
10A6,con,2,3,.5,0.006999999999999999
39A1,con,2,3,.5,0.005
57B2,con,2,3,.5,0.108
62A4,con,2,3,.5,0.006999999999999999
109A1,con,2,3,.5,0.073
8A1,con,2,3,.25,0.107
10A6,con,2,3,.25,0.041
39A1,con,2,3,.25,0.031
57B2,con,2,3,.25,0.15
62A4,con,2,3,.25,0.079
109A1,con,2,3,.25,0.191
8A1,con,2,3,.125,0.348
10A6,con,2,3,.125,0.069
39A1,con,2,3,.125,0.07
57B2,con,2,3,.125,0.29
62A4,con,2,3,.125,0.194
109A1,con,2,3,.125,0.173
8A1,con,2,3,.0625,0.634
10A6,con,2,3,.0625,0.22
39A1,con,2,3,.0625,0.255
57B2,con,2,3,.0625,0.467
62A4,con,2,3,.0625,0.231
109A1,con,2,3,.0625,0.384
8A1,con,2,3,GC,0.8740000000000001
10A6,con,2,3,GC,0.422
39A1,con,2,3,GC,0.191
57B2,con,2,3,GC,0.434
62A4,con,2,3,GC,0.269
109A1,con,2,3,GC,0.488
8A1,con,2,3,SC,-0.0
10A6,con,2,3,SC,0.004
39A1,con,2,3,SC,-0.0
57B2,con,2,3,SC,-0.001
62A4,con,2,3,SC,-0.0
109A1,con,2,3,SC,-0.001
45C2,con,1,4,32,0.001
66C3,con,1,4,32,0.002
69C1,con,1,4,32,0.001
97C1,con,1,4,32,0.0
99A1,con,1,4,32,0.001
115A1,con,1,4,32,0.0
119A3,con,1,4,32,0.002
45C2,con,1,4,16,0.0
66C3,con,1,4,16,0.0
69C1,con,1,4,16,0.004
97C1,con,1,4,16,0.001
99A1,con,1,4,16,0.0
115A1,con,1,4,16,0.0
119A3,con,1,4,16,0.006999999999999999
45C2,con,1,4,8,0.001
66C3,con,1,4,8,0.0
69C1,con,1,4,8,0.001
97C1,con,1,4,8,0.001
99A1,con,1,4,8,0.004
115A1,con,1,4,8,-0.0
119A3,con,1,4,8,-0.0
45C2,con,1,4,4,0.004
66C3,con,1,4,4,0.001
69C1,con,1,4,4,0.003
97C1,con,1,4,4,0.002
99A1,con,1,4,4,0.001
115A1,con,1,4,4,0.005
119A3,con,1,4,4,0.003
45C2,con,1,4,2,0.006
66C3,con,1,4,2,0.003
69C1,con,1,4,2,0.003
97C1,con,1,4,2,0.001
99A1,con,1,4,2,0.001
115A1,con,1,4,2,0.012
119A3,con,1,4,2,0.008
45C2,con,1,4,1,0.004
66C3,con,1,4,1,0.004
69C1,con,1,4,1,0.012
97C1,con,1,4,1,0.001
99A1,con,1,4,1,0.004
115A1,con,1,4,1,0.032
119A3,con,1,4,1,0.005
45C2,con,1,4,.5,0.003
66C3,con,1,4,.5,0.009000000000000001
69C1,con,1,4,.5,0.039
97C1,con,1,4,.5,0.009000000000000001
99A1,con,1,4,.5,0.021
115A1,con,1,4,.5,0.102
119A3,con,1,4,.5,0.009000000000000001
45C2,con,1,4,.25,0.011
66C3,con,1,4,.25,0.1
69C1,con,1,4,.25,0.076
97C1,con,1,4,.25,0.244
99A1,con,1,4,.25,0.06
115A1,con,1,4,.25,0.209
119A3,con,1,4,.25,0.069
45C2,con,1,4,.125,0.001
66C3,con,1,4,.125,0.21600000000000005
69C1,con,1,4,.125,0.343
97C1,con,1,4,.125,0.466
99A1,con,1,4,.125,0.206
115A1,con,1,4,.125,0.277
119A3,con,1,4,.125,0.282
45C2,con,1,4,.0625,0.002
66C3,con,1,4,.0625,0.394
69C1,con,1,4,.0625,0.436
97C1,con,1,4,.0625,0.468
99A1,con,1,4,.0625,0.467
115A1,con,1,4,.0625,0.304
119A3,con,1,4,.0625,0.434
45C2,con,1,4,GC,0.376
66C3,con,1,4,GC,0.477
69C1,con,1,4,GC,0.569
97C1,con,1,4,GC,0.28600000000000003
99A1,con,1,4,GC,0.365
115A1,con,1,4,GC,0.255
119A3,con,1,4,GC,0.58
45C2,con,1,4,SC,0.0
66C3,con,1,4,SC,-0.0
69C1,con,1,4,SC,0.0
97C1,con,1,4,SC,-0.0
99A1,con,1,4,SC,0.0
115A1,con,1,4,SC,0.0
119A3,con,1,4,SC,-0.0
56A10,inh,3,2,128,0.013
88B1,inh,3,2,128,0.02
96A1,inh,3,2,128,0.084
114A4,inh,3,2,128,0.028
56A10,inh,3,2,64,0.008
88B1,inh,3,2,64,0.031
96A1,inh,3,2,64,0.014
114A4,inh,3,2,64,0.023
56A10,inh,3,2,32,0.001
88B1,inh,3,2,32,0.005
96A1,inh,3,2,32,0.001
114A4,inh,3,2,32,0.002
56A10,inh,3,2,16,0.0
88B1,inh,3,2,16,0.0
96A1,inh,3,2,16,0.006
114A4,inh,3,2,16,0.003
56A10,inh,3,2,8,0.0
88B1,inh,3,2,8,0.0
96A1,inh,3,2,8,0.001
114A4,inh,3,2,8,0.0
56A10,inh,3,2,4,0.0
88B1,inh,3,2,4,0.001
96A1,inh,3,2,4,0.691
114A4,inh,3,2,4,0.125
56A10,inh,3,2,2,0.012
88B1,inh,3,2,2,0.001
96A1,inh,3,2,2,0.97
114A4,inh,3,2,2,0.281
56A10,inh,3,2,1,0.096
88B1,inh,3,2,1,0.001
96A1,inh,3,2,1,0.989
114A4,inh,3,2,1,0.415
56A10,inh,3,2,.5,0.229
88B1,inh,3,2,.5,0.228
96A1,inh,3,2,.5,0.968
114A4,inh,3,2,.5,0.5670000000000001
56A10,inh,3,2,.25,0.247
88B1,inh,3,2,.25,0.665
96A1,inh,3,2,.25,1.021
114A4,inh,3,2,.25,0.617
56A10,inh,3,2,GC,0.295
88B1,inh,3,2,GC,1.095
96A1,inh,3,2,GC,0.997
114A4,inh,3,2,GC,0.696
56A10,inh,3,2,SC,0.001
88B1,inh,3,2,SC,0.0
96A1,inh,3,2,SC,-0.001
114A4,inh,3,2,SC,-0.0
56A10,con,2,2,128,0.579
88B1,con,2,2,128,0.634
96A1,con,2,2,128,0.419
114A4,con,2,2,128,0.377
56A10,con,2,2,64,0.414
88B1,con,2,2,64,0.589
96A1,con,2,2,64,0.381
114A4,con,2,2,64,0.382
56A10,con,2,2,32,0.353
88B1,con,2,2,32,0.802
96A1,con,2,2,32,0.508
114A4,con,2,2,32,0.378
56A10,con,2,2,16,0.519
88B1,con,2,2,16,1.0
96A1,con,2,2,16,0.578
114A4,con,2,2,16,0.444
56A10,con,2,2,8,1.129
88B1,con,2,2,8,1.145
96A1,con,2,2,8,0.718
114A4,con,2,2,8,0.6729999999999999
56A10,con,2,2,4,1.288
88B1,con,2,2,4,1.192
96A1,con,2,2,4,0.884
114A4,con,2,2,4,0.768
56A10,con,2,2,2,1.336
88B1,con,2,2,2,1.178
96A1,con,2,2,2,0.934
114A4,con,2,2,2,0.8540000000000001
56A10,con,2,2,1,1.355
88B1,con,2,2,1,1.194
96A1,con,2,2,1,0.965
114A4,con,2,2,1,0.862
56A10,con,2,2,.5,1.319
88B1,con,2,2,.5,1.188
96A1,con,2,2,.5,0.971
114A4,con,2,2,.5,0.877
56A10,con,2,2,.25,1.331
88B1,con,2,2,.25,1.176
96A1,con,2,2,.25,1.013
114A4,con,2,2,.25,0.902
56A10,con,2,2,GC,1.321
88B1,con,2,2,GC,1.151
96A1,con,2,2,GC,1.034
114A4,con,2,2,GC,0.889
56A10,con,2,2,SC,0.002
88B1,con,2,2,SC,-0.002
96A1,con,2,2,SC,-0.002
114A4,con,2,2,SC,0.005
8A1,inh,3,3,32,0.01
10A6,inh,3,3,32,0.04
39A1,inh,3,3,32,0.026
57B2,inh,3,3,32,0.048
62A4,inh,3,3,32,0.012
109A1,inh,3,3,32,0.01
8A1,inh,3,3,16,0.0
10A6,inh,3,3,16,0.002
39A1,inh,3,3,16,0.001
57B2,inh,3,3,16,0.001
62A4,inh,3,3,16,0.0
109A1,inh,3,3,16,-0.0
8A1,inh,3,3,8,-0.001
10A6,inh,3,3,8,0.0
39A1,inh,3,3,8,0.001
57B2,inh,3,3,8,0.001
62A4,inh,3,3,8,0.0
109A1,inh,3,3,8,0.001
8A1,inh,3,3,4,-0.001
10A6,inh,3,3,4,0.001
39A1,inh,3,3,4,-0.0
57B2,inh,3,3,4,0.0
62A4,inh,3,3,4,0.001
109A1,inh,3,3,4,0.001
8A1,inh,3,3,2,-0.0
10A6,inh,3,3,2,0.002
39A1,inh,3,3,2,0.0
57B2,inh,3,3,2,0.002
62A4,inh,3,3,2,0.0
109A1,inh,3,3,2,0.001
8A1,inh,3,3,1,0.001
10A6,inh,3,3,1,0.001
39A1,inh,3,3,1,0.002
57B2,inh,3,3,1,0.001
62A4,inh,3,3,1,0.001
109A1,inh,3,3,1,0.013
8A1,inh,3,3,.5,0.001
10A6,inh,3,3,.5,0.001
39A1,inh,3,3,.5,0.001
57B2,inh,3,3,.5,0.001
62A4,inh,3,3,.5,-0.0
109A1,inh,3,3,.5,0.004
8A1,inh,3,3,.25,0.0
10A6,inh,3,3,.25,0.001
39A1,inh,3,3,.25,0.002
57B2,inh,3,3,.25,0.001
62A4,inh,3,3,.25,-0.0
109A1,inh,3,3,.25,0.003
8A1,inh,3,3,.125,0.0
10A6,inh,3,3,.125,0.001
39A1,inh,3,3,.125,0.0
57B2,inh,3,3,.125,0.002
62A4,inh,3,3,.125,0.001
109A1,inh,3,3,.125,0.001
8A1,inh,3,3,.0625,-0.0
10A6,inh,3,3,.0625,0.001
39A1,inh,3,3,.0625,0.001
57B2,inh,3,3,.0625,0.003
62A4,inh,3,3,.0625,0.0
109A1,inh,3,3,.0625,0.004
8A1,inh,3,3,GC,0.184
10A6,inh,3,3,GC,0.28800000000000003
39A1,inh,3,3,GC,0.299
57B2,inh,3,3,GC,0.225
62A4,inh,3,3,GC,0.075
109A1,inh,3,3,GC,0.499
8A1,inh,3,3,SC,0.0
10A6,inh,3,3,SC,0.0
39A1,inh,3,3,SC,0.0
57B2,inh,3,3,SC,0.001
62A4,inh,3,3,SC,-0.0
109A1,inh,3,3,SC,-0.001
45C2,con,2,4,32,0.002
66C3,con,2,4,32,-0.0
69C1,con,2,4,32,0.003
97C1,con,2,4,32,-0.0
99A1,con,2,4,32,0.001
115A1,con,2,4,32,0.001
119A3,con,2,4,32,0.001
45C2,con,2,4,16,-0.001
66C3,con,2,4,16,0.0
69C1,con,2,4,16,0.0
97C1,con,2,4,16,0.001
99A1,con,2,4,16,-0.001
115A1,con,2,4,16,-0.001
119A3,con,2,4,16,-0.0
45C2,con,2,4,8,-0.0
66C3,con,2,4,8,0.001
69C1,con,2,4,8,0.0
97C1,con,2,4,8,0.001
99A1,con,2,4,8,0.001
115A1,con,2,4,8,0.002
119A3,con,2,4,8,0.002
45C2,con,2,4,4,0.006
66C3,con,2,4,4,0.001
69C1,con,2,4,4,0.006999999999999999
97C1,con,2,4,4,0.003
99A1,con,2,4,4,0.001
115A1,con,2,4,4,0.001
119A3,con,2,4,4,0.0
45C2,con,2,4,2,0.004
66C3,con,2,4,2,0.006
69C1,con,2,4,2,0.005
97C1,con,2,4,2,0.003
99A1,con,2,4,2,0.001
115A1,con,2,4,2,0.009000000000000001
119A3,con,2,4,2,0.005
45C2,con,2,4,1,0.005
66C3,con,2,4,1,0.005
69C1,con,2,4,1,0.006999999999999999
97C1,con,2,4,1,0.0
99A1,con,2,4,1,0.003
115A1,con,2,4,1,0.004
119A3,con,2,4,1,0.004
45C2,con,2,4,.5,0.005
66C3,con,2,4,.5,0.015
69C1,con,2,4,.5,0.031
97C1,con,2,4,.5,0.003
99A1,con,2,4,.5,0.022
115A1,con,2,4,.5,0.004
119A3,con,2,4,.5,0.005
45C2,con,2,4,.25,0.062
66C3,con,2,4,.25,0.093
69C1,con,2,4,.25,0.104
97C1,con,2,4,.25,0.052000000000000005
99A1,con,2,4,.25,0.098
115A1,con,2,4,.25,0.033
119A3,con,2,4,.25,0.043
45C2,con,2,4,.125,0.122
66C3,con,2,4,.125,0.199
69C1,con,2,4,.125,0.192
97C1,con,2,4,.125,0.45
99A1,con,2,4,.125,0.279
115A1,con,2,4,.125,0.187
119A3,con,2,4,.125,0.237
45C2,con,2,4,.0625,0.215
66C3,con,2,4,.0625,0.303
69C1,con,2,4,.0625,0.353
97C1,con,2,4,.0625,0.383
99A1,con,2,4,.0625,0.441
115A1,con,2,4,.0625,0.368
119A3,con,2,4,.0625,0.382
45C2,con,2,4,GC,0.5760000000000001
66C3,con,2,4,GC,0.5429999999999999
69C1,con,2,4,GC,0.609
97C1,con,2,4,GC,0.477
99A1,con,2,4,GC,0.408
115A1,con,2,4,GC,0.495
119A3,con,2,4,GC,0.637
45C2,con,2,4,SC,0.001
66C3,con,2,4,SC,-0.0
69C1,con,2,4,SC,0.001
97C1,con,2,4,SC,-0.0
99A1,con,2,4,SC,-0.001
115A1,con,2,4,SC,-0.001
119A3,con,2,4,SC,-0.0
8A1,con,1,3,32,0.004
10A6,con,1,3,32,-0.0
39A1,con,1,3,32,0.0
57B2,con,1,3,32,-0.001
62A4,con,1,3,32,-0.001
109A1,con,1,3,32,0.027000000000000003
8A1,con,1,3,16,-0.002
10A6,con,1,3,16,-0.002
39A1,con,1,3,16,-0.001
57B2,con,1,3,16,-0.002
62A4,con,1,3,16,-0.002
109A1,con,1,3,16,0.016
8A1,con,1,3,8,-0.001
10A6,con,1,3,8,-0.002
39A1,con,1,3,8,-0.002
57B2,con,1,3,8,-0.0
62A4,con,1,3,8,-0.001
109A1,con,1,3,8,0.008
8A1,con,1,3,4,-0.001
10A6,con,1,3,4,-0.002
39A1,con,1,3,4,-0.001
57B2,con,1,3,4,0.002
62A4,con,1,3,4,-0.001
109A1,con,1,3,4,0.071
8A1,con,1,3,2,-0.001
10A6,con,1,3,2,-0.002
39A1,con,1,3,2,-0.001
57B2,con,1,3,2,0.006
62A4,con,1,3,2,-0.001
109A1,con,1,3,2,0.001
8A1,con,1,3,1,0.001
10A6,con,1,3,1,-0.002
39A1,con,1,3,1,-0.002
57B2,con,1,3,1,0.032
62A4,con,1,3,1,-0.0
109A1,con,1,3,1,0.008
8A1,con,1,3,.5,0.014
10A6,con,1,3,.5,0.001
39A1,con,1,3,.5,-0.001
57B2,con,1,3,.5,0.202
62A4,con,1,3,.5,0.005
109A1,con,1,3,.5,0.025
8A1,con,1,3,.25,0.13699999999999998
10A6,con,1,3,.25,0.05
39A1,con,1,3,.25,0.083
57B2,con,1,3,.25,0.348
62A4,con,1,3,.25,0.058
109A1,con,1,3,.25,0.203
8A1,con,1,3,.125,0.433
10A6,con,1,3,.125,0.369
39A1,con,1,3,.125,0.438
57B2,con,1,3,.125,0.624
62A4,con,1,3,.125,0.311
109A1,con,1,3,.125,0.353
8A1,con,1,3,.0625,0.573
10A6,con,1,3,.0625,0.614
39A1,con,1,3,.0625,0.519
57B2,con,1,3,.0625,0.635
62A4,con,1,3,.0625,0.42
109A1,con,1,3,.0625,0.542
8A1,con,1,3,GC,1.033
10A6,con,1,3,GC,0.447
39A1,con,1,3,GC,0.299
57B2,con,1,3,GC,0.642
62A4,con,1,3,GC,0.556
109A1,con,1,3,GC,0.397
8A1,con,1,3,SC,-0.002
10A6,con,1,3,SC,-0.002
39A1,con,1,3,SC,-0.001
57B2,con,1,3,SC,-0.002
62A4,con,1,3,SC,0.009000000000000001
109A1,con,1,3,SC,-0.001
56A10,con,1,2,128,0.54
88B1,con,1,2,128,0.607
96A1,con,1,2,128,0.398
114A4,con,1,2,128,0.17600000000000002
56A10,con,1,2,64,0.42
88B1,con,1,2,64,0.508
96A1,con,1,2,64,0.409
114A4,con,1,2,64,0.259
56A10,con,1,2,32,0.444
88B1,con,1,2,32,0.615
96A1,con,1,2,32,0.53
114A4,con,1,2,32,0.42
56A10,con,1,2,16,0.691
88B1,con,1,2,16,0.7929999999999999
96A1,con,1,2,16,0.6859999999999999
114A4,con,1,2,16,0.494
56A10,con,1,2,8,1.062
88B1,con,1,2,8,0.963
96A1,con,1,2,8,0.843
114A4,con,1,2,8,0.731
56A10,con,1,2,4,1.253
88B1,con,1,2,4,0.937
96A1,con,1,2,4,0.899
114A4,con,1,2,4,0.7390000000000001
56A10,con,1,2,2,1.232
88B1,con,1,2,2,1.151
96A1,con,1,2,2,0.913
114A4,con,1,2,2,0.843
56A10,con,1,2,1,1.254
88B1,con,1,2,1,1.103
96A1,con,1,2,1,0.942
114A4,con,1,2,1,0.866
56A10,con,1,2,.5,1.274
88B1,con,1,2,.5,1.111
96A1,con,1,2,.5,0.93
114A4,con,1,2,.5,0.865
56A10,con,1,2,.25,1.28
88B1,con,1,2,.25,1.199
96A1,con,1,2,.25,0.934
114A4,con,1,2,.25,0.8240000000000001
56A10,con,1,2,GC,1.3530000000000002
88B1,con,1,2,GC,1.204
96A1,con,1,2,GC,0.982
114A4,con,1,2,GC,0.8190000000000001
56A10,con,1,2,SC,-0.0
88B1,con,1,2,SC,-0.0
96A1,con,1,2,SC,0.001
114A4,con,1,2,SC,-0.0
45C2,inh,3,4,32,0.014
66C3,inh,3,4,32,0.023
69C1,inh,3,4,32,0.004
97C1,inh,3,4,32,0.002
99A1,inh,3,4,32,0.006999999999999999
115A1,inh,3,4,32,0.011
119A3,inh,3,4,32,0.028
45C2,inh,3,4,16,-0.002
66C3,inh,3,4,16,-0.001
69C1,inh,3,4,16,-0.001
97C1,inh,3,4,16,0.0
99A1,inh,3,4,16,-0.001
115A1,inh,3,4,16,0.0
119A3,inh,3,4,16,0.0
45C2,inh,3,4,8,-0.0
66C3,inh,3,4,8,-0.0
69C1,inh,3,4,8,-0.001
97C1,inh,3,4,8,-0.0
99A1,inh,3,4,8,0.001
115A1,inh,3,4,8,-0.0
119A3,inh,3,4,8,-0.0
45C2,inh,3,4,4,0.003
66C3,inh,3,4,4,0.002
69C1,inh,3,4,4,-0.0
97C1,inh,3,4,4,0.001
99A1,inh,3,4,4,-0.0
115A1,inh,3,4,4,-0.0
119A3,inh,3,4,4,0.003
45C2,inh,3,4,2,0.003
66C3,inh,3,4,2,0.002
69C1,inh,3,4,2,0.001
97C1,inh,3,4,2,0.001
99A1,inh,3,4,2,0.003
115A1,inh,3,4,2,0.001
119A3,inh,3,4,2,0.003
45C2,inh,3,4,1,0.005
66C3,inh,3,4,1,0.004
69C1,inh,3,4,1,0.002
97C1,inh,3,4,1,0.0
99A1,inh,3,4,1,-0.0
115A1,inh,3,4,1,0.003
119A3,inh,3,4,1,0.004
45C2,inh,3,4,.5,0.0
66C3,inh,3,4,.5,0.002
69C1,inh,3,4,.5,0.001
97C1,inh,3,4,.5,-0.001
99A1,inh,3,4,.5,0.0
115A1,inh,3,4,.5,0.003
119A3,inh,3,4,.5,0.003
45C2,inh,3,4,.25,0.001
66C3,inh,3,4,.25,0.002
69C1,inh,3,4,.25,0.001
97C1,inh,3,4,.25,-0.001
99A1,inh,3,4,.25,-0.0
115A1,inh,3,4,.25,0.002
119A3,inh,3,4,.25,0.003
45C2,inh,3,4,.125,0.001
66C3,inh,3,4,.125,-0.0
69C1,inh,3,4,.125,-0.0
97C1,inh,3,4,.125,-0.001
99A1,inh,3,4,.125,-0.0
115A1,inh,3,4,.125,0.002
119A3,inh,3,4,.125,0.002
45C2,inh,3,4,.0625,-0.0
66C3,inh,3,4,.0625,0.002
69C1,inh,3,4,.0625,-0.001
97C1,inh,3,4,.0625,-0.001
99A1,inh,3,4,.0625,-0.0
115A1,inh,3,4,.0625,0.002
119A3,inh,3,4,.0625,0.003
45C2,inh,3,4,GC,0.172
66C3,inh,3,4,GC,0.005
69C1,inh,3,4,GC,0.19
97C1,inh,3,4,GC,0.308
99A1,inh,3,4,GC,0.003
115A1,inh,3,4,GC,0.275
119A3,inh,3,4,GC,0.006999999999999999
45C2,inh,3,4,SC,-0.0
66C3,inh,3,4,SC,0.0
69C1,inh,3,4,SC,-0.001
97C1,inh,3,4,SC,-0.0
99A1,inh,3,4,SC,0.001
115A1,inh,3,4,SC,-0.0
119A3,inh,3,4,SC,0.0
PAO1,con,1,1,128,0.165
KT2440,con,1,1,128,0.895
4A7,con,1,1,128,0.424
6C6,con,1,1,128,0.006999999999999999
20A1,con,1,1,128,0.095
31A8,con,1,1,128,0.736
34A1,con,1,1,128,0.652
PAO1,con,1,1,64,0.244
KT2440,con,1,1,64,0.951
4A7,con,1,1,64,0.615
6C6,con,1,1,64,0.017
20A1,con,1,1,64,0.308
31A8,con,1,1,64,0.632
34A1,con,1,1,64,0.71
PAO1,con,1,1,32,0.259
KT2440,con,1,1,32,1.124
4A7,con,1,1,32,0.586
6C6,con,1,1,32,0.349
20A1,con,1,1,32,0.387
31A8,con,1,1,32,0.835
34A1,con,1,1,32,0.904
PAO1,con,1,1,16,0.337
KT2440,con,1,1,16,1.305
4A7,con,1,1,16,0.625
6C6,con,1,1,16,0.284
20A1,con,1,1,16,0.317
31A8,con,1,1,16,0.975
34A1,con,1,1,16,1.047
PAO1,con,1,1,8,0.545
KT2440,con,1,1,8,1.4509999999999998
4A7,con,1,1,8,0.778
6C6,con,1,1,8,0.304
20A1,con,1,1,8,0.506
31A8,con,1,1,8,1.081
34A1,con,1,1,8,1.1740000000000002
PAO1,con,1,1,4,0.691
KT2440,con,1,1,4,1.423
4A7,con,1,1,4,0.884
6C6,con,1,1,4,0.28300000000000003
20A1,con,1,1,4,0.7559999999999999
31A8,con,1,1,4,1.112
34A1,con,1,1,4,1.1840000000000002
PAO1,con,1,1,2,1.14
KT2440,con,1,1,2,1.412
4A7,con,1,1,2,0.942
6C6,con,1,1,2,0.4370000000000001
20A1,con,1,1,2,0.805
31A8,con,1,1,2,1.036
34A1,con,1,1,2,1.204
PAO1,con,1,1,1,1.162
KT2440,con,1,1,1,1.402
4A7,con,1,1,1,0.818
6C6,con,1,1,1,0.345
20A1,con,1,1,1,0.7959999999999999
31A8,con,1,1,1,1.111
34A1,con,1,1,1,1.186
PAO1,con,1,1,.5,1.149
KT2440,con,1,1,.5,1.35
4A7,con,1,1,.5,0.7090000000000001
6C6,con,1,1,.5,0.36
20A1,con,1,1,.5,0.75
31A8,con,1,1,.5,1.093
34A1,con,1,1,.5,1.225
PAO1,con,1,1,.25,1.152
KT2440,con,1,1,.25,1.368
4A7,con,1,1,.25,0.7140000000000001
6C6,con,1,1,.25,0.31
20A1,con,1,1,.25,0.805
31A8,con,1,1,.25,1.109
34A1,con,1,1,.25,1.21
PAO1,con,1,1,GC,1.175
KT2440,con,1,1,GC,1.366
4A7,con,1,1,GC,0.821
6C6,con,1,1,GC,0.267
20A1,con,1,1,GC,0.8590000000000001
31A8,con,1,1,GC,1.118
34A1,con,1,1,GC,1.258
PAO1,con,1,1,SC,-0.001
KT2440,con,1,1,SC,0.0
4A7,con,1,1,SC,0.0
6C6,con,1,1,SC,-0.0
20A1,con,1,1,SC,0.0
31A8,con,1,1,SC,0.0
34A1,con,1,1,SC,0.0
45C2,inh,2,4,32,0.008
66C3,inh,2,4,32,0.02
69C1,inh,2,4,32,0.008
97C1,inh,2,4,32,0.003
99A1,inh,2,4,32,0.004
115A1,inh,2,4,32,0.015
119A3,inh,2,4,32,0.018000000000000002
45C2,inh,2,4,16,-0.001
66C3,inh,2,4,16,-0.001
69C1,inh,2,4,16,-0.001
97C1,inh,2,4,16,-0.0
99A1,inh,2,4,16,-0.001
115A1,inh,2,4,16,-0.0
119A3,inh,2,4,16,-0.001
45C2,inh,2,4,8,-0.001
66C3,inh,2,4,8,-0.001
69C1,inh,2,4,8,-0.001
97C1,inh,2,4,8,0.0
99A1,inh,2,4,8,-0.001
115A1,inh,2,4,8,0.001
119A3,inh,2,4,8,-0.0
45C2,inh,2,4,4,0.0
66C3,inh,2,4,4,0.008
69C1,inh,2,4,4,-0.001
97C1,inh,2,4,4,0.001
99A1,inh,2,4,4,-0.001
115A1,inh,2,4,4,0.002
119A3,inh,2,4,4,0.002
45C2,inh,2,4,2,0.001
66C3,inh,2,4,2,0.002
69C1,inh,2,4,2,-0.001
97C1,inh,2,4,2,0.0
99A1,inh,2,4,2,-0.001
115A1,inh,2,4,2,0.049
119A3,inh,2,4,2,0.001
45C2,inh,2,4,1,0.002
66C3,inh,2,4,1,0.003
69C1,inh,2,4,1,0.0
97C1,inh,2,4,1,-0.001
99A1,inh,2,4,1,-0.001
115A1,inh,2,4,1,0.002
119A3,inh,2,4,1,0.003
45C2,inh,2,4,.5,0.0
66C3,inh,2,4,.5,0.002
69C1,inh,2,4,.5,-0.001
97C1,inh,2,4,.5,-0.001
99A1,inh,2,4,.5,-0.001
115A1,inh,2,4,.5,0.003
119A3,inh,2,4,.5,0.001
45C2,inh,2,4,.25,-0.0
66C3,inh,2,4,.25,0.003
69C1,inh,2,4,.25,-0.0
97C1,inh,2,4,.25,-0.001
99A1,inh,2,4,.25,-0.002
115A1,inh,2,4,.25,0.002
119A3,inh,2,4,.25,0.005
45C2,inh,2,4,.125,-0.0
66C3,inh,2,4,.125,0.002
69C1,inh,2,4,.125,-0.001
97C1,inh,2,4,.125,-0.001
99A1,inh,2,4,.125,-0.001
115A1,inh,2,4,.125,0.005
119A3,inh,2,4,.125,0.001
45C2,inh,2,4,.0625,-0.002
66C3,inh,2,4,.0625,0.001
69C1,inh,2,4,.0625,-0.0
97C1,inh,2,4,.0625,-0.001
99A1,inh,2,4,.0625,-0.001
115A1,inh,2,4,.0625,0.003
119A3,inh,2,4,.0625,-0.0
45C2,inh,2,4,GC,0.135
66C3,inh,2,4,GC,0.004
69C1,inh,2,4,GC,0.162
97C1,inh,2,4,GC,0.224
99A1,inh,2,4,GC,0.003
115A1,inh,2,4,GC,0.006
119A3,inh,2,4,GC,0.006
45C2,inh,2,4,SC,-0.001
66C3,inh,2,4,SC,-0.0
69C1,inh,2,4,SC,0.001
97C1,inh,2,4,SC,-0.001
99A1,inh,2,4,SC,0.003
115A1,inh,2,4,SC,-0.001
119A3,inh,2,4,SC,-0.001
8A1,inh,1,3,32,0.0
10A6,inh,1,3,32,0.002
39A1,inh,1,3,32,0.001
57B2,inh,1,3,32,0.002
62A4,inh,1,3,32,0.003
109A1,inh,1,3,32,0.045
8A1,inh,1,3,16,-0.001
10A6,inh,1,3,16,-0.0
39A1,inh,1,3,16,-0.001
57B2,inh,1,3,16,0.0
62A4,inh,1,3,16,-0.001
109A1,inh,1,3,16,0.006
8A1,inh,1,3,8,-0.001
10A6,inh,1,3,8,-0.0
39A1,inh,1,3,8,-0.0
57B2,inh,1,3,8,0.0
62A4,inh,1,3,8,0.0
109A1,inh,1,3,8,0.008
8A1,inh,1,3,4,-0.001
10A6,inh,1,3,4,-0.0
39A1,inh,1,3,4,-0.0
57B2,inh,1,3,4,0.0
62A4,inh,1,3,4,-0.0
109A1,inh,1,3,4,0.046
8A1,inh,1,3,2,-0.001
10A6,inh,1,3,2,-0.0
39A1,inh,1,3,2,-0.0
57B2,inh,1,3,2,-0.0
62A4,inh,1,3,2,0.009000000000000001
109A1,inh,1,3,2,0.001
8A1,inh,1,3,1,-0.0
10A6,inh,1,3,1,0.001
39A1,inh,1,3,1,0.001
57B2,inh,1,3,1,0.0
62A4,inh,1,3,1,-0.0
109A1,inh,1,3,1,-0.0
8A1,inh,1,3,.5,-0.0
10A6,inh,1,3,.5,-0.0
39A1,inh,1,3,.5,-0.001
57B2,inh,1,3,.5,0.0
62A4,inh,1,3,.5,-0.0
109A1,inh,1,3,.5,-0.0
8A1,inh,1,3,.25,-0.001
10A6,inh,1,3,.25,-0.0
39A1,inh,1,3,.25,-0.0
57B2,inh,1,3,.25,-0.0
62A4,inh,1,3,.25,-0.0
109A1,inh,1,3,.25,0.0
8A1,inh,1,3,.125,-0.001
10A6,inh,1,3,.125,-0.0
39A1,inh,1,3,.125,-0.001
57B2,inh,1,3,.125,-0.001
62A4,inh,1,3,.125,-0.0
109A1,inh,1,3,.125,0.002
8A1,inh,1,3,.0625,-0.001
10A6,inh,1,3,.0625,-0.0
39A1,inh,1,3,.0625,-0.0
57B2,inh,1,3,.0625,0.0
62A4,inh,1,3,.0625,-0.001
109A1,inh,1,3,.0625,0.001
8A1,inh,1,3,GC,0.108
10A6,inh,1,3,GC,0.545
39A1,inh,1,3,GC,0.442
57B2,inh,1,3,GC,0.348
62A4,inh,1,3,GC,0.016
109A1,inh,1,3,GC,0.521
8A1,inh,1,3,SC,0.0
10A6,inh,1,3,SC,0.0
39A1,inh,1,3,SC,0.0
57B2,inh,1,3,SC,0.0
62A4,inh,1,3,SC,0.001
109A1,inh,1,3,SC,-0.001
56A10,inh,1,2,128,0.018000000000000002
88B1,inh,1,2,128,0.012
96A1,inh,1,2,128,0.039
114A4,inh,1,2,128,0.021
56A10,inh,1,2,64,0.011
88B1,inh,1,2,64,0.059
96A1,inh,1,2,64,0.021
114A4,inh,1,2,64,0.011
56A10,inh,1,2,32,0.006999999999999999
88B1,inh,1,2,32,0.008
96A1,inh,1,2,32,0.017
114A4,inh,1,2,32,0.011
56A10,inh,1,2,16,0.0
88B1,inh,1,2,16,0.001
96A1,inh,1,2,16,0.052000000000000005
114A4,inh,1,2,16,0.001
56A10,inh,1,2,8,0.001
88B1,inh,1,2,8,0.001
96A1,inh,1,2,8,0.381
114A4,inh,1,2,8,0.079
56A10,inh,1,2,4,0.001
88B1,inh,1,2,4,0.003
96A1,inh,1,2,4,0.5870000000000001
114A4,inh,1,2,4,0.344
56A10,inh,1,2,2,0.003
88B1,inh,1,2,2,0.103
96A1,inh,1,2,2,0.659
114A4,inh,1,2,2,0.426
56A10,inh,1,2,1,0.019
88B1,inh,1,2,1,0.522
96A1,inh,1,2,1,0.757
114A4,inh,1,2,1,0.47
56A10,inh,1,2,.5,0.061
88B1,inh,1,2,.5,0.574
96A1,inh,1,2,.5,0.87
114A4,inh,1,2,.5,0.483
56A10,inh,1,2,.25,0.034
88B1,inh,1,2,.25,0.607
96A1,inh,1,2,.25,0.872
114A4,inh,1,2,.25,0.47
56A10,inh,1,2,GC,0.107
88B1,inh,1,2,GC,0.743
96A1,inh,1,2,GC,0.8220000000000001
114A4,inh,1,2,GC,0.475
56A10,inh,1,2,SC,0.0
88B1,inh,1,2,SC,-0.0
96A1,inh,1,2,SC,-0.0
114A4,inh,1,2,SC,-0.0
45C2,con,3,4,32,0.001
66C3,con,3,4,32,0.001
69C1,con,3,4,32,0.001
97C1,con,3,4,32,0.001
99A1,con,3,4,32,0.001
115A1,con,3,4,32,0.001
119A3,con,3,4,32,0.002
45C2,con,3,4,16,0.0
66C3,con,3,4,16,0.0
69C1,con,3,4,16,-0.0
97C1,con,3,4,16,0.0
99A1,con,3,4,16,-0.0
115A1,con,3,4,16,-0.0
119A3,con,3,4,16,-0.0
45C2,con,3,4,8,0.0
66C3,con,3,4,8,-0.0
69C1,con,3,4,8,0.001
97C1,con,3,4,8,0.0
99A1,con,3,4,8,0.001
115A1,con,3,4,8,-0.0
119A3,con,3,4,8,0.002
45C2,con,3,4,4,0.001
66C3,con,3,4,4,0.0
69C1,con,3,4,4,0.001
97C1,con,3,4,4,0.002
99A1,con,3,4,4,0.001
115A1,con,3,4,4,0.006
119A3,con,3,4,4,0.003
45C2,con,3,4,2,0.001
66C3,con,3,4,2,0.001
69C1,con,3,4,2,0.002
97C1,con,3,4,2,0.001
99A1,con,3,4,2,0.001
115A1,con,3,4,2,0.012
119A3,con,3,4,2,0.006
45C2,con,3,4,1,-0.0
66C3,con,3,4,1,0.002
69C1,con,3,4,1,0.008
97C1,con,3,4,1,0.001
99A1,con,3,4,1,0.004
115A1,con,3,4,1,0.03
119A3,con,3,4,1,0.005
45C2,con,3,4,.5,-0.0
66C3,con,3,4,.5,0.01
69C1,con,3,4,.5,0.027000000000000003
97C1,con,3,4,.5,0.194
99A1,con,3,4,.5,0.023
115A1,con,3,4,.5,0.062
119A3,con,3,4,.5,0.005
45C2,con,3,4,.25,0.005
66C3,con,3,4,.25,0.09
69C1,con,3,4,.25,0.095
97C1,con,3,4,.25,0.032
99A1,con,3,4,.25,0.086
115A1,con,3,4,.25,0.173
119A3,con,3,4,.25,0.103
45C2,con,3,4,.125,0.026
66C3,con,3,4,.125,0.196
69C1,con,3,4,.125,0.162
97C1,con,3,4,.125,0.472
99A1,con,3,4,.125,0.237
115A1,con,3,4,.125,0.304
119A3,con,3,4,.125,0.217
45C2,con,3,4,.0625,0.046
66C3,con,3,4,.0625,0.261
69C1,con,3,4,.0625,0.214
97C1,con,3,4,.0625,0.414
99A1,con,3,4,.0625,0.35600000000000004
115A1,con,3,4,.0625,0.344
119A3,con,3,4,.0625,0.3670000000000001
45C2,con,3,4,GC,0.435
66C3,con,3,4,GC,0.502
69C1,con,3,4,GC,0.544
97C1,con,3,4,GC,0.57
99A1,con,3,4,GC,0.399
115A1,con,3,4,GC,0.267
119A3,con,3,4,GC,0.56
45C2,con,3,4,SC,-0.0
66C3,con,3,4,SC,-0.0
69C1,con,3,4,SC,-0.0
97C1,con,3,4,SC,0.0
99A1,con,3,4,SC,-0.0
115A1,con,3,4,SC,0.001
119A3,con,3,4,SC,-0.0
PAO1,inh,1,1,128,0.039
KT2440,inh,1,1,128,0.017
4A7,inh,1,1,128,0.012
6C6,inh,1,1,128,0.045
20A1,inh,1,1,128,0.03
31A8,inh,1,1,128,0.024
34A1,inh,1,1,128,0.034
PAO1,inh,1,1,64,0.047
KT2440,inh,1,1,64,0.022
4A7,inh,1,1,64,0.016
6C6,inh,1,1,64,0.052000000000000005
20A1,inh,1,1,64,0.035
31A8,inh,1,1,64,0.036000000000000004
34A1,inh,1,1,64,0.006
PAO1,inh,1,1,32,0.001
KT2440,inh,1,1,32,0.0
4A7,inh,1,1,32,0.001
6C6,inh,1,1,32,0.019
20A1,inh,1,1,32,0.01
31A8,inh,1,1,32,0.008
34A1,inh,1,1,32,0.0
PAO1,inh,1,1,16,0.003
KT2440,inh,1,1,16,-0.001
4A7,inh,1,1,16,-0.0
6C6,inh,1,1,16,0.003
20A1,inh,1,1,16,0.001
31A8,inh,1,1,16,0.001
34A1,inh,1,1,16,-0.002
PAO1,inh,1,1,8,0.1
KT2440,inh,1,1,8,-0.001
4A7,inh,1,1,8,0.001
6C6,inh,1,1,8,0.005
20A1,inh,1,1,8,-0.0
31A8,inh,1,1,8,0.0
34A1,inh,1,1,8,-0.002
PAO1,inh,1,1,4,0.494
KT2440,inh,1,1,4,-0.0
4A7,inh,1,1,4,-0.0
6C6,inh,1,1,4,0.051
20A1,inh,1,1,4,0.004
31A8,inh,1,1,4,0.002
34A1,inh,1,1,4,-0.001
PAO1,inh,1,1,2,0.655
KT2440,inh,1,1,2,-0.001
4A7,inh,1,1,2,-0.0
6C6,inh,1,1,2,0.131
20A1,inh,1,1,2,0.001
31A8,inh,1,1,2,0.003
34A1,inh,1,1,2,0.001
PAO1,inh,1,1,1,0.644
KT2440,inh,1,1,1,0.597
4A7,inh,1,1,1,0.042
6C6,inh,1,1,1,0.199
20A1,inh,1,1,1,0.003
31A8,inh,1,1,1,0.172
34A1,inh,1,1,1,0.013
PAO1,inh,1,1,.5,0.71
KT2440,inh,1,1,.5,1.005
4A7,inh,1,1,.5,0.772
6C6,inh,1,1,.5,0.233
20A1,inh,1,1,.5,0.105
31A8,inh,1,1,.5,0.905
34A1,inh,1,1,.5,0.784
PAO1,inh,1,1,.25,0.99
KT2440,inh,1,1,.25,1.07
4A7,inh,1,1,.25,0.841
6C6,inh,1,1,.25,0.239
20A1,inh,1,1,.25,0.17600000000000002
31A8,inh,1,1,.25,1.012
34A1,inh,1,1,.25,0.835
PAO1,inh,1,1,GC,0.821
KT2440,inh,1,1,GC,1.235
4A7,inh,1,1,GC,0.836
6C6,inh,1,1,GC,0.258
20A1,inh,1,1,GC,0.266
31A8,inh,1,1,GC,1.038
34A1,inh,1,1,GC,1.037
PAO1,inh,1,1,SC,-0.0
KT2440,inh,1,1,SC,0.002
4A7,inh,1,1,SC,0.0
6C6,inh,1,1,SC,0.0
20A1,inh,1,1,SC,-0.0
31A8,inh,1,1,SC,-0.0
34A1,inh,1,1,SC,-0.0
PAO1,inh,2,1,128,0.045
KT2440,inh,2,1,128,0.061
4A7,inh,2,1,128,0.07
6C6,inh,2,1,128,0.08
20A1,inh,2,1,128,0.129
31A8,inh,2,1,128,0.033
34A1,inh,2,1,128,0.041
PAO1,inh,2,1,64,0.015
KT2440,inh,2,1,64,0.014
4A7,inh,2,1,64,0.048
6C6,inh,2,1,64,0.055
20A1,inh,2,1,64,0.047
31A8,inh,2,1,64,0.06
34A1,inh,2,1,64,0.075
PAO1,inh,2,1,32,0.006
KT2440,inh,2,1,32,0.004
4A7,inh,2,1,32,0.017
6C6,inh,2,1,32,0.026
20A1,inh,2,1,32,0.014
31A8,inh,2,1,32,0.028
34A1,inh,2,1,32,0.001
PAO1,inh,2,1,16,0.0
KT2440,inh,2,1,16,-0.0
4A7,inh,2,1,16,0.002
6C6,inh,2,1,16,0.001
20A1,inh,2,1,16,0.001
31A8,inh,2,1,16,0.0
34A1,inh,2,1,16,0.0
PAO1,inh,2,1,8,0.002
KT2440,inh,2,1,8,0.0
4A7,inh,2,1,8,0.0
6C6,inh,2,1,8,0.002
20A1,inh,2,1,8,0.0
31A8,inh,2,1,8,0.002
34A1,inh,2,1,8,0.001
PAO1,inh,2,1,4,0.021
KT2440,inh,2,1,4,-0.0
4A7,inh,2,1,4,0.0
6C6,inh,2,1,4,0.004
20A1,inh,2,1,4,0.0
31A8,inh,2,1,4,0.001
34A1,inh,2,1,4,0.0
PAO1,inh,2,1,2,0.177
KT2440,inh,2,1,2,-0.0
4A7,inh,2,1,2,0.001
6C6,inh,2,1,2,0.005
20A1,inh,2,1,2,-0.0
31A8,inh,2,1,2,0.001
34A1,inh,2,1,2,0.001
PAO1,inh,2,1,1,0.403
KT2440,inh,2,1,1,0.0
4A7,inh,2,1,1,0.0
6C6,inh,2,1,1,0.062
20A1,inh,2,1,1,-0.0
31A8,inh,2,1,1,0.08199999999999999
34A1,inh,2,1,1,-0.0
PAO1,inh,2,1,.5,0.5760000000000001
KT2440,inh,2,1,.5,0.18
4A7,inh,2,1,.5,0.364
6C6,inh,2,1,.5,0.257
20A1,inh,2,1,.5,0.001
31A8,inh,2,1,.5,0.975
34A1,inh,2,1,.5,0.006
PAO1,inh,2,1,.25,0.7240000000000001
KT2440,inh,2,1,.25,0.276
4A7,inh,2,1,.25,0.775
6C6,inh,2,1,.25,0.298
20A1,inh,2,1,.25,0.001
31A8,inh,2,1,.25,0.997
34A1,inh,2,1,.25,0.092
PAO1,inh,2,1,GC,0.763
KT2440,inh,2,1,GC,1.038
4A7,inh,2,1,GC,0.716
6C6,inh,2,1,GC,0.328
20A1,inh,2,1,GC,0.003
31A8,inh,2,1,GC,1.12
34A1,inh,2,1,GC,1.169
PAO1,inh,2,1,SC,-0.0
KT2440,inh,2,1,SC,-0.0
4A7,inh,2,1,SC,-0.0
6C6,inh,2,1,SC,0.0
20A1,inh,2,1,SC,-0.001
31A8,inh,2,1,SC,-0.0
34A1,inh,2,1,SC,0.002
PAO1,con,3,1,128,0.41700000000000004
KT2440,con,3,1,128,1.04
4A7,con,3,1,128,0.14
6C6,con,3,1,128,0.003
20A1,con,3,1,128,0.057999999999999996
31A8,con,3,1,128,0.807
34A1,con,3,1,128,0.63
PAO1,con,3,1,64,0.264
KT2440,con,3,1,64,1.129
4A7,con,3,1,64,0.547
6C6,con,3,1,64,0.005
20A1,con,3,1,64,0.086
31A8,con,3,1,64,0.64
34A1,con,3,1,64,0.677
PAO1,con,3,1,32,0.305
KT2440,con,3,1,32,1.2670000000000001
4A7,con,3,1,32,0.545
6C6,con,3,1,32,0.162
20A1,con,3,1,32,0.35100000000000003
31A8,con,3,1,32,0.8290000000000001
34A1,con,3,1,32,0.871
PAO1,con,3,1,16,0.418
KT2440,con,3,1,16,1.367
4A7,con,3,1,16,0.579
6C6,con,3,1,16,0.244
20A1,con,3,1,16,0.28
31A8,con,3,1,16,0.9259999999999999
34A1,con,3,1,16,1.035
PAO1,con,3,1,8,1.008
KT2440,con,3,1,8,1.486
4A7,con,3,1,8,0.6509999999999999
6C6,con,3,1,8,0.32899999999999996
20A1,con,3,1,8,0.402
31A8,con,3,1,8,1.365
34A1,con,3,1,8,1.149
PAO1,con,3,1,4,1.035
KT2440,con,3,1,4,1.446
4A7,con,3,1,4,1.013
6C6,con,3,1,4,0.40700000000000003
20A1,con,3,1,4,0.7290000000000001
31A8,con,3,1,4,1.183
34A1,con,3,1,4,1.126
PAO1,con,3,1,2,1.179
KT2440,con,3,1,2,1.4340000000000002
4A7,con,3,1,2,0.7290000000000001
6C6,con,3,1,2,0.49200000000000005
20A1,con,3,1,2,0.768
31A8,con,3,1,2,1.179
34A1,con,3,1,2,1.166
PAO1,con,3,1,1,1.181
KT2440,con,3,1,1,1.43
4A7,con,3,1,1,0.718
6C6,con,3,1,1,0.526
20A1,con,3,1,1,0.768
31A8,con,3,1,1,1.146
34A1,con,3,1,1,1.1640000000000001
PAO1,con,3,1,0.5,1.179
KT2440,con,3,1,0.5,1.452
4A7,con,3,1,0.5,0.7979999999999999
6C6,con,3,1,0.5,0.642
20A1,con,3,1,0.5,0.76
31A8,con,3,1,0.5,1.122
34A1,con,3,1,0.5,1.1909999999999998
PAO1,con,3,1,0.25,1.194
KT2440,con,3,1,0.25,1.464
4A7,con,3,1,0.25,0.804
6C6,con,3,1,0.25,0.879
20A1,con,3,1,0.25,0.794
31A8,con,3,1,0.25,1.1059999999999999
34A1,con,3,1,0.25,1.219
PAO1,con,3,1,GC,1.181
KT2440,con,3,1,GC,1.56
4A7,con,3,1,GC,0.9129999999999999
6C6,con,3,1,GC,0.672
20A1,con,3,1,GC,0.768
31A8,con,3,1,GC,1.3619999999999999
34A1,con,3,1,GC,1.306
PAO1,con,3,1,SC,0.0
KT2440,con,3,1,SC,0.0
4A7,con,3,1,SC,0.0
6C6,con,3,1,SC,0.0
20A1,con,3,1,SC,0.0
31A8,con,3,1,SC,0.0
34A1,con,3,1,SC,0.0
8A1,inh,2,3,32,0.005
10A6,inh,2,3,32,0.014
39A1,inh,2,3,32,0.013
57B2,inh,2,3,32,0.035
62A4,inh,2,3,32,0.004
109A1,inh,2,3,32,0.006999999999999999
8A1,inh,2,3,16,-0.002
10A6,inh,2,3,16,-0.0
39A1,inh,2,3,16,-0.001
57B2,inh,2,3,16,0.0
62A4,inh,2,3,16,0.0
109A1,inh,2,3,16,-0.0
8A1,inh,2,3,8,0.002
10A6,inh,2,3,8,-0.0
39A1,inh,2,3,8,0.0
57B2,inh,2,3,8,0.0
62A4,inh,2,3,8,-0.0
109A1,inh,2,3,8,0.001
8A1,inh,2,3,4,-0.002
10A6,inh,2,3,4,0.002
39A1,inh,2,3,4,-0.0
57B2,inh,2,3,4,0.001
62A4,inh,2,3,4,0.0
109A1,inh,2,3,4,-0.0
8A1,inh,2,3,2,-0.0
10A6,inh,2,3,2,0.001
39A1,inh,2,3,2,0.0
57B2,inh,2,3,2,0.001
62A4,inh,2,3,2,0.001
109A1,inh,2,3,2,0.002
8A1,inh,2,3,1,0.001
10A6,inh,2,3,1,0.004
39A1,inh,2,3,1,0.002
57B2,inh,2,3,1,0.001
62A4,inh,2,3,1,0.001
109A1,inh,2,3,1,0.002
8A1,inh,2,3,.5,0.0
10A6,inh,2,3,.5,0.002
39A1,inh,2,3,.5,0.001
57B2,inh,2,3,.5,0.001
62A4,inh,2,3,.5,0.001
109A1,inh,2,3,.5,0.001
8A1,inh,2,3,.25,-0.001
10A6,inh,2,3,.25,0.001
39A1,inh,2,3,.25,-0.0
57B2,inh,2,3,.25,0.0
62A4,inh,2,3,.25,-0.0
109A1,inh,2,3,.25,0.0
8A1,inh,2,3,.125,-0.0
10A6,inh,2,3,.125,0.001
39A1,inh,2,3,.125,0.001
57B2,inh,2,3,.125,0.001
62A4,inh,2,3,.125,0.001
109A1,inh,2,3,.125,0.0
8A1,inh,2,3,.0625,-0.0
10A6,inh,2,3,.0625,0.001
39A1,inh,2,3,.0625,0.001
57B2,inh,2,3,.0625,0.004
62A4,inh,2,3,.0625,0.0
109A1,inh,2,3,.0625,0.001
8A1,inh,2,3,GC,0.121
10A6,inh,2,3,GC,0.328
39A1,inh,2,3,GC,0.327
57B2,inh,2,3,GC,0.345
62A4,inh,2,3,GC,0.032
109A1,inh,2,3,GC,0.298
8A1,inh,2,3,SC,0.0
10A6,inh,2,3,SC,-0.0
39A1,inh,2,3,SC,0.0
57B2,inh,2,3,SC,-0.0
62A4,inh,2,3,SC,-0.0
109A1,inh,2,3,SC,0.0
45C2,inh,1,4,32,0.005
66C3,inh,1,4,32,0.017
69C1,inh,1,4,32,0.002
97C1,inh,1,4,32,0.026
99A1,inh,1,4,32,0.002
115A1,inh,1,4,32,0.003
119A3,inh,1,4,32,0.023
45C2,inh,1,4,16,-0.001
66C3,inh,1,4,16,-0.001
69C1,inh,1,4,16,-0.001
97C1,inh,1,4,16,-0.0
99A1,inh,1,4,16,-0.0
115A1,inh,1,4,16,-0.0
119A3,inh,1,4,16,0.001
45C2,inh,1,4,8,0.002
66C3,inh,1,4,8,0.0
69C1,inh,1,4,8,-0.001
97C1,inh,1,4,8,0.0
99A1,inh,1,4,8,-0.0
115A1,inh,1,4,8,-0.0
119A3,inh,1,4,8,-0.001
45C2,inh,1,4,4,0.003
66C3,inh,1,4,4,0.001
69C1,inh,1,4,4,0.001
97C1,inh,1,4,4,0.001
99A1,inh,1,4,4,0.0
115A1,inh,1,4,4,-0.001
119A3,inh,1,4,4,0.002
45C2,inh,1,4,2,0.002
66C3,inh,1,4,2,0.003
69C1,inh,1,4,2,-0.0
97C1,inh,1,4,2,0.002
99A1,inh,1,4,2,0.001
115A1,inh,1,4,2,0.0
119A3,inh,1,4,2,0.005
45C2,inh,1,4,1,0.004
66C3,inh,1,4,1,0.006
69C1,inh,1,4,1,0.0
97C1,inh,1,4,1,0.003
99A1,inh,1,4,1,0.001
115A1,inh,1,4,1,0.003
119A3,inh,1,4,1,0.006
45C2,inh,1,4,.5,0.002
66C3,inh,1,4,.5,0.005
69C1,inh,1,4,.5,0.002
97C1,inh,1,4,.5,-0.001
99A1,inh,1,4,.5,-0.001
115A1,inh,1,4,.5,0.002
119A3,inh,1,4,.5,0.011
45C2,inh,1,4,.25,-0.0
66C3,inh,1,4,.25,0.011
69C1,inh,1,4,.25,0.001
97C1,inh,1,4,.25,0.001
99A1,inh,1,4,.25,-0.0
115A1,inh,1,4,.25,0.003
119A3,inh,1,4,.25,0.004
45C2,inh,1,4,.125,-0.0
66C3,inh,1,4,.125,0.005
69C1,inh,1,4,.125,-0.0
97C1,inh,1,4,.125,-0.0
99A1,inh,1,4,.125,-0.001
115A1,inh,1,4,.125,0.001
119A3,inh,1,4,.125,0.005
45C2,inh,1,4,.0625,0.0
66C3,inh,1,4,.0625,0.009000000000000001
69C1,inh,1,4,.0625,-0.0
97C1,inh,1,4,.0625,-0.001
99A1,inh,1,4,.0625,-0.0
115A1,inh,1,4,.0625,0.002
119A3,inh,1,4,.0625,0.004
45C2,inh,1,4,GC,0.14800000000000002
66C3,inh,1,4,GC,0.006999999999999999
69C1,inh,1,4,GC,0.156
97C1,inh,1,4,GC,0.328
99A1,inh,1,4,GC,0.002
115A1,inh,1,4,GC,0.253
119A3,inh,1,4,GC,0.006
45C2,inh,1,4,SC,-0.001
66C3,inh,1,4,SC,-0.0
69C1,inh,1,4,SC,-0.0
97C1,inh,1,4,SC,0.0
99A1,inh,1,4,SC,-0.0
115A1,inh,1,4,SC,0.0
119A3,inh,1,4,SC,0.001
56A10,con,3,2,128,0.382
88B1,con,3,2,128,0.611
96A1,con,3,2,128,0.365
114A4,con,3,2,128,0.34600000000000003
56A10,con,3,2,64,0.415
88B1,con,3,2,64,0.733
96A1,con,3,2,64,0.316
114A4,con,3,2,64,0.421
56A10,con,3,2,32,0.416
88B1,con,3,2,32,0.8190000000000001
96A1,con,3,2,32,0.473
114A4,con,3,2,32,0.426
56A10,con,3,2,16,0.618
88B1,con,3,2,16,0.965
96A1,con,3,2,16,0.74
114A4,con,3,2,16,0.482
56A10,con,3,2,8,1.243
88B1,con,3,2,8,1.06
96A1,con,3,2,8,0.919
114A4,con,3,2,8,0.591
56A10,con,3,2,4,1.33
88B1,con,3,2,4,1.167
96A1,con,3,2,4,0.937
114A4,con,3,2,4,0.804
56A10,con,3,2,2,1.355
88B1,con,3,2,2,1.17
96A1,con,3,2,2,0.976
114A4,con,3,2,2,0.835
56A10,con,3,2,1,1.341
88B1,con,3,2,1,1.15
96A1,con,3,2,1,0.972
114A4,con,3,2,1,0.895
56A10,con,3,2,.5,1.337
88B1,con,3,2,.5,1.161
96A1,con,3,2,.5,1.021
114A4,con,3,2,.5,0.918
56A10,con,3,2,.25,1.347
88B1,con,3,2,.25,1.143
96A1,con,3,2,.25,1.057
114A4,con,3,2,.25,0.939
56A10,con,3,2,GC,1.337
88B1,con,3,2,GC,1.134
96A1,con,3,2,GC,1.06
114A4,con,3,2,GC,1.002
56A10,con,3,2,SC,-0.0
88B1,con,3,2,SC,0.001
96A1,con,3,2,SC,0.001
114A4,con,3,2,SC,-0.0
56A10,inh,2,2,128,0.086
88B1,inh,2,2,128,0.039
96A1,inh,2,2,128,0.075
114A4,inh,2,2,128,0.049
56A10,inh,2,2,64,0.004
88B1,inh,2,2,64,0.034
96A1,inh,2,2,64,0.009000000000000001
114A4,inh,2,2,64,0.029
56A10,inh,2,2,32,0.005
88B1,inh,2,2,32,0.021
96A1,inh,2,2,32,0.013
114A4,inh,2,2,32,0.005
56A10,inh,2,2,16,-0.001
88B1,inh,2,2,16,0.003
96A1,inh,2,2,16,0.01
114A4,inh,2,2,16,-0.0
56A10,inh,2,2,8,-0.0
88B1,inh,2,2,8,0.002
96A1,inh,2,2,8,0.3720000000000001
114A4,inh,2,2,8,0.018000000000000002
56A10,inh,2,2,4,-0.0
88B1,inh,2,2,4,0.002
96A1,inh,2,2,4,0.708
114A4,inh,2,2,4,0.171
56A10,inh,2,2,2,-0.0
88B1,inh,2,2,2,0.002
96A1,inh,2,2,2,0.847
114A4,inh,2,2,2,0.378
56A10,inh,2,2,1,0.008
88B1,inh,2,2,1,0.003
96A1,inh,2,2,1,0.893
114A4,inh,2,2,1,0.45
56A10,inh,2,2,.5,0.087
88B1,inh,2,2,.5,0.066
96A1,inh,2,2,.5,0.912
114A4,inh,2,2,.5,0.503
56A10,inh,2,2,.25,0.125
88B1,inh,2,2,.25,0.386
96A1,inh,2,2,.25,1.004
114A4,inh,2,2,.25,0.501
56A10,inh,2,2,GC,0.154
88B1,inh,2,2,GC,1.094
96A1,inh,2,2,GC,0.985
114A4,inh,2,2,GC,0.524
56A10,inh,2,2,SC,-0.0
88B1,inh,2,2,SC,0.001
96A1,inh,2,2,SC,-0.0
114A4,inh,2,2,SC,-0.0
8A1,con,3,3,32,0.001
10A6,con,3,3,32,0.002
39A1,con,3,3,32,0.001
57B2,con,3,3,32,-0.0
62A4,con,3,3,32,0.0
109A1,con,3,3,32,0.004
8A1,con,3,3,16,-0.001
10A6,con,3,3,16,0.0
39A1,con,3,3,16,-0.0
57B2,con,3,3,16,-0.0
62A4,con,3,3,16,0.0
109A1,con,3,3,16,0.008
8A1,con,3,3,8,-0.0
10A6,con,3,3,8,0.002
39A1,con,3,3,8,0.0
57B2,con,3,3,8,0.001
62A4,con,3,3,8,0.0
109A1,con,3,3,8,0.013
8A1,con,3,3,4,0.001
10A6,con,3,3,4,0.003
39A1,con,3,3,4,0.0
57B2,con,3,3,4,0.006
62A4,con,3,3,4,0.0
109A1,con,3,3,4,0.004
8A1,con,3,3,2,0.002
10A6,con,3,3,2,0.003
39A1,con,3,3,2,0.001
57B2,con,3,3,2,0.042
62A4,con,3,3,2,0.002
109A1,con,3,3,2,0.04
8A1,con,3,3,1,0.005
10A6,con,3,3,1,0.015
39A1,con,3,3,1,0.001
57B2,con,3,3,1,0.09
62A4,con,3,3,1,0.002
109A1,con,3,3,1,0.025
8A1,con,3,3,.5,0.017
10A6,con,3,3,.5,0.037000000000000005
39A1,con,3,3,.5,0.001
57B2,con,3,3,.5,0.1
62A4,con,3,3,.5,0.017
109A1,con,3,3,.5,0.057
8A1,con,3,3,.25,0.11
10A6,con,3,3,.25,0.061
39A1,con,3,3,.25,0.026
57B2,con,3,3,.25,0.247
62A4,con,3,3,.25,0.133
109A1,con,3,3,.25,0.113
8A1,con,3,3,.125,0.301
10A6,con,3,3,.125,0.086
39A1,con,3,3,.125,0.066
57B2,con,3,3,.125,0.39
62A4,con,3,3,.125,0.213
109A1,con,3,3,.125,0.213
8A1,con,3,3,.0625,0.735
10A6,con,3,3,.0625,0.325
39A1,con,3,3,.0625,0.183
57B2,con,3,3,.0625,0.4920000000000001
62A4,con,3,3,.0625,0.255
109A1,con,3,3,.0625,0.452
8A1,con,3,3,GC,0.926
10A6,con,3,3,GC,0.32299999999999995
39A1,con,3,3,GC,0.16
57B2,con,3,3,GC,0.465
62A4,con,3,3,GC,0.31
109A1,con,3,3,GC,0.509
8A1,con,3,3,SC,-0.0
10A6,con,3,3,SC,0.0
39A1,con,3,3,SC,0.0
57B2,con,3,3,SC,0.001
62A4,con,3,3,SC,-0.0
109A1,con,3,3,SC,-0.0
82B1,con,1,,128,0.354
82B1,inh,1,,128,0.026000000000000002
82B1,con,2,,128,0.348
82B1,inh,2,,128,0.022000000000000002
82B1,con,3,,128,0.365
82B1,inh,3,,128,0.059000000000000004
82B1,con,1,,64,0.486
82B1,inh,1,,64,0.019
82B1,con,2,,64,0.455
82B1,inh,2,,64,0.013000000000000001
82B1,con,3,,64,0.445
82B1,inh,3,,64,0.017
82B1,con,1,,32,0.5760000000000001
82B1,inh,1,,32,0.012
82B1,con,2,,32,0.5670000000000001
82B1,inh,2,,32,0.009000000000000001
82B1,con,3,,32,0.544
82B1,inh,3,,32,0.011000000000000001
82B1,con,1,,16,0.7
82B1,inh,1,,16,0.001
82B1,con,2,,16,0.774
82B1,inh,2,,16,0.001
82B1,con,3,,16,0.728
82B1,inh,3,,16,0.002
82B1,con,1,,8,0.7609999999999999
82B1,inh,1,,8,0.0
82B1,con,2,,8,0.866
82B1,inh,2,,8,0.001
82B1,con,3,,8,0.853
82B1,inh,3,,8,0.002
82B1,con,1,,4,0.825
82B1,inh,1,,4,0.045
82B1,con,2,,4,0.872
82B1,inh,2,,4,0.22699999999999998
82B1,con,3,,4,0.8759999999999999
82B1,inh,3,,4,0.415
82B1,con,1,,2,0.9009999999999999
82B1,inh,1,,2,0.5489999999999999
82B1,con,2,,2,0.9009999999999999
82B1,inh,2,,2,0.586
82B1,con,3,,2,0.858
82B1,inh,3,,2,0.6509999999999999
82B1,con,1,,1,0.9329999999999999
82B1,inh,1,,1,0.647
82B1,con,2,,1,0.8640000000000001
82B1,inh,2,,1,0.628
82B1,con,3,,1,0.794
82B1,inh,3,,1,0.667
82B1,con,1,,0.5,0.87
82B1,inh,1,,0.5,0.627
82B1,con,2,,0.5,0.878
82B1,inh,2,,0.5,0.579
82B1,con,3,,0.5,0.769
82B1,inh,3,,0.5,0.7020000000000001
82B1,con,1,,0.25,0.857
82B1,inh,1,,0.25,0.629
82B1,con,2,,0.25,0.812
82B1,inh,2,,0.25,0.598
82B1,con,3,,0.25,0.738
82B1,inh,3,,0.25,0.649
82B1,con,1,,GC,0.884
82B1,inh,1,,GC,0.628
82B1,con,2,,GC,0.818
82B1,inh,2,,GC,0.6409999999999999
82B1,con,3,,GC,0.718
82B1,inh,3,,GC,0.7979999999999999
82B1,con,1,,SC,0.0
82B1,inh,1,,SC,0.0
82B1,con,2,,SC,0.0
82B1,inh,2,,SC,0.0
82B1,con,3,,SC,0.0
82B1,inh,3,,SC,0.0
89C1,con,1,,32,-0.001
89C1,inh,1,,32,0.002
89C1,con,2,,32,0.001
89C1,inh,2,,32,0.005
89C1,con,3,,32,0.004
89C1,inh,3,,32,0.004
89C1,con,1,,16,-0.001
89C1,inh,1,,16,0.001
89C1,con,2,,16,0.0
89C1,inh,2,,16,0.0
89C1,con,3,,16,0.001
89C1,inh,3,,16,0.001
89C1,con,1,,8,-0.002
89C1,inh,1,,8,0.0
89C1,con,2,,8,0.0
89C1,inh,2,,8,0.001
89C1,con,3,,8,0.001
89C1,inh,3,,8,0.001
89C1,con,1,,4,-0.002
89C1,inh,1,,4,0.0
89C1,con,2,,4,-0.001
89C1,inh,2,,4,0.001
89C1,con,3,,4,0.0
89C1,inh,3,,4,0.002
89C1,con,1,,2,-0.002
89C1,inh,1,,2,0.0
89C1,con,2,,2,0.0
89C1,inh,2,,2,0.001
89C1,con,3,,2,0.002
89C1,inh,3,,2,0.002
89C1,con,1,,1,-0.001
89C1,inh,1,,1,0.0
89C1,con,2,,1,0.0
89C1,inh,2,,1,0.002
89C1,con,3,,1,0.003
89C1,inh,3,,1,0.004
89C1,con,1,,0.5,0.002
89C1,inh,1,,0.5,-0.001
89C1,con,2,,0.5,0.001
89C1,inh,2,,0.5,0.001
89C1,con,3,,0.5,0.001
89C1,inh,3,,0.5,0.003
89C1,con,1,,0.25,0.005
89C1,inh,1,,0.25,-0.001
89C1,con,2,,0.25,0.002
89C1,inh,2,,0.25,0.001
89C1,con,3,,0.25,0.003
89C1,inh,3,,0.25,0.002
89C1,con,1,,0.125,0.016
89C1,inh,1,,0.125,0.002
89C1,con,2,,0.125,0.015
89C1,inh,2,,0.125,0.004
89C1,con,3,,0.125,0.021
89C1,inh,3,,0.125,0.0
89C1,con,1,,0.0625,0.09699999999999999
89C1,inh,1,,0.0625,0.001
89C1,con,2,,0.0625,0.057999999999999996
89C1,inh,2,,0.0625,0.0
89C1,con,3,,0.0625,0.08199999999999999
89C1,inh,3,,0.0625,0.002
89C1,con,1,,GC,0.521
89C1,inh,1,,GC,0.61
89C1,con,2,,GC,0.643
89C1,inh,2,,GC,0.501
89C1,con,3,,GC,0.8170000000000001
89C1,inh,3,,GC,0.696
89C1,con,1,,SC,0.0
89C1,inh,1,,SC,0.0
89C1,con,2,,SC,0.0
89C1,inh,2,,SC,0.0
89C1,con,3,,SC,0.0
89C1,inh,3,,SC,0.0
95A6,con,1,,32,0.001
95A6,inh,1,,32,0.0
95A6,con,2,,32,0.001
95A6,inh,2,,32,0.0
95A6,con,3,,32,0.001
95A6,inh,3,,32,0.0
95A6,con,1,,16,0.028999999999999998
95A6,inh,1,,16,0.0
95A6,con,2,,16,0.001
95A6,inh,2,,16,0.0
95A6,con,3,,16,0.001
95A6,inh,3,,16,0.0
95A6,con,1,,8,0.004
95A6,inh,1,,8,0.0
95A6,con,2,,8,0.0
95A6,inh,2,,8,0.0
95A6,con,3,,8,0.0
95A6,inh,3,,8,0.0
95A6,con,1,,4,0.001
95A6,inh,1,,4,0.0
95A6,con,2,,4,0.0
95A6,inh,2,,4,0.0
95A6,con,3,,4,0.001
95A6,inh,3,,4,0.0
95A6,con,1,,2,0.002
95A6,inh,1,,2,0.0
95A6,con,2,,2,0.001
95A6,inh,2,,2,0.0
95A6,con,3,,2,0.001
95A6,inh,3,,2,0.0
95A6,con,1,,1,0.001
95A6,inh,1,,1,0.0
95A6,con,2,,1,0.0
95A6,inh,2,,1,0.0
95A6,con,3,,1,0.001
95A6,inh,3,,1,0.0
95A6,con,1,,0.5,0.002
95A6,inh,1,,0.5,0.0
95A6,con,2,,0.5,0.002
95A6,inh,2,,0.5,0.0
95A6,con,3,,0.5,0.001
95A6,inh,3,,0.5,0.0
95A6,con,1,,0.25,0.006999999999999999
95A6,inh,1,,0.25,0.0
95A6,con,2,,0.25,0.005
95A6,inh,2,,0.25,0.0
95A6,con,3,,0.25,0.009000000000000001
95A6,inh,3,,0.25,0.0
95A6,con,1,,0.125,0.017
95A6,inh,1,,0.125,0.0
95A6,con,2,,0.125,0.016
95A6,inh,2,,0.125,0.0
95A6,con,3,,0.125,0.015
95A6,inh,3,,0.125,0.0
95A6,con,1,,0.0625,0.027000000000000003
95A6,inh,1,,0.0625,0.0
95A6,con,2,,0.0625,0.027999999999999997
95A6,inh,2,,0.0625,0.0
95A6,con,3,,0.0625,0.023
95A6,inh,3,,0.0625,0.0
95A6,con,1,,GC,0.518
95A6,inh,1,,GC,0.1
95A6,con,2,,GC,0.31
95A6,inh,2,,GC,0.1
95A6,con,3,,GC,0.302
95A6,inh,3,,GC,0.1
95A6,con,1,,SC,-0.001
95A6,inh,1,,SC,0.0
95A6,con,2,,SC,0.001
95A6,inh,2,,SC,0.0
95A6,con,3,,SC,0.001
95A6,inh,3,,SC,0.0
HS_1,con,1,,128,0.341
HS_1,inh,1,,128,0.11699999999999999
HS_2,con,1,,128,0.41600000000000004
HS_2,inh,1,,128,0.022000000000000002
HS_1,inh,2,,128,0.048
HS_1,con,2,,128,0.43700000000000006
HS_2,inh,2,,128,0.457
HS_2,con,2,,128,0.038
HS_1,con,3,,128,0.207
HS_1,inh,3,,128,0.094
HS_2,con,3,,128,0.253
HS_2,inh,3,,128,0.035
HS_3,con,1,,128,0.531
HS_3,inh,1,,128,0.105
HS_4,con,1,,128,0.5589999999999999
HS_4,inh,1,,128,0.293
HS_5,con,1,,128,1.037
HS_5,inh,1,,128,0.41
HS_3,con,2,,128,0.486
HS_3,inh,2,,128,0.075
HS_4,con,2,,128,0.502
HS_4,inh,2,,128,0.09699999999999999
HS_5,con,2,,128,0.855
HS_5,inh,2,,128,0.057
HS_3,con,3,,128,0.49
HS_3,inh,3,,128,0.10400000000000001
HS_4,con,3,,128,0.539
HS_4,inh,3,,128,0.132
HS_5,con,3,,128,0.973
HS_5,inh,3,,128,0.205
HS_1,con,1,,64,0.39899999999999997
HS_1,inh,1,,64,0.063
HS_2,con,1,,64,0.5710000000000001
HS_2,inh,1,,64,0.025
HS_1,inh,2,,64,0.066
HS_1,con,2,,64,0.446
HS_2,inh,2,,64,0.542
HS_2,con,2,,64,0.053
HS_1,con,3,,64,0.344
HS_1,inh,3,,64,0.071
HS_2,con,3,,64,0.493
HS_2,inh,3,,64,0.059000000000000004
HS_3,con,1,,64,0.433
HS_3,inh,1,,64,0.151
HS_4,con,1,,64,0.315
HS_4,inh,1,,64,0.215
HS_5,con,1,,64,1.0759999999999998
HS_5,inh,1,,64,0.16699999999999998
HS_3,con,2,,64,0.40700000000000003
HS_3,inh,2,,64,0.07
HS_4,con,2,,64,0.318
HS_4,inh,2,,64,0.079
HS_5,con,2,,64,0.9670000000000001
HS_5,inh,2,,64,0.08900000000000001
HS_3,con,3,,64,0.361
HS_3,inh,3,,64,0.095
HS_4,con,3,,64,0.26899999999999996
HS_4,inh,3,,64,0.113
HS_5,con,3,,64,1.044
HS_5,inh,3,,64,0.14
HS_1,con,1,,32,0.397
HS_1,inh,1,,32,0.005
HS_2,con,1,,32,0.53
HS_2,inh,1,,32,0.049
HS_1,inh,2,,32,0.008
HS_1,con,2,,32,0.384
HS_2,inh,2,,32,0.498
HS_2,con,2,,32,0.147
HS_1,con,3,,32,0.384
HS_1,inh,3,,32,0.01
HS_2,con,3,,32,0.531
HS_2,inh,3,,32,0.035
HS_3,con,1,,32,0.607
HS_3,inh,1,,32,0.045
HS_4,con,1,,32,0.226
HS_4,inh,1,,32,0.14
HS_5,con,1,,32,1.172
HS_5,inh,1,,32,0.069
HS_3,con,2,,32,0.537
HS_3,inh,2,,32,0.096
HS_4,con,2,,32,0.247
HS_4,inh,2,,32,0.08199999999999999
HS_5,con,2,,32,1.1159999999999999
HS_5,inh,2,,32,0.025
HS_3,con,3,,32,0.516
HS_3,inh,3,,32,0.031
HS_4,con,3,,32,0.239
HS_4,inh,3,,32,0.092
HS_5,con,3,,32,1.138
HS_5,inh,3,,32,0.045
HS_1,con,1,,16,0.537
HS_1,inh,1,,16,0.07200000000000001
HS_2,con,1,,16,0.5589999999999999
HS_2,inh,1,,16,0.5
HS_1,inh,2,,16,0.222
HS_1,con,2,,16,0.455
HS_2,inh,2,,16,0.594
HS_2,con,2,,16,0.529
HS_1,con,3,,16,0.449
HS_1,inh,3,,16,0.10300000000000001
HS_2,con,3,,16,0.561
HS_2,inh,3,,16,0.41100000000000003
HS_3,con,1,,16,0.6779999999999999
HS_3,inh,1,,16,0.081
HS_4,con,1,,16,0.377
HS_4,inh,1,,16,0.135
HS_5,con,1,,16,1.244
HS_5,inh,1,,16,0.882
HS_3,con,2,,16,0.5579999999999999
HS_3,inh,2,,16,0.038
HS_4,con,2,,16,0.29600000000000004
HS_4,inh,2,,16,0.096
HS_5,con,2,,16,1.234
HS_5,inh,2,,16,0.433
HS_3,con,3,,16,0.634
HS_3,inh,3,,16,0.055
HS_4,con,3,,16,0.292
HS_4,inh,3,,16,0.125
HS_5,con,3,,16,1.272
HS_5,inh,3,,16,0.634
HS_1,con,1,,8,0.792
HS_1,inh,1,,8,0.38299999999999995
HS_2,con,1,,8,0.725
HS_2,inh,1,,8,0.662
HS_1,inh,2,,8,0.588
HS_1,con,2,,8,0.7509999999999999
HS_2,inh,2,,8,0.748
HS_2,con,2,,8,0.688
HS_1,con,3,,8,0.6759999999999999
HS_1,inh,3,,8,0.44299999999999995
HS_2,con,3,,8,0.732
HS_2,inh,3,,8,0.617
HS_3,con,1,,8,0.851
HS_3,inh,1,,8,0.632
HS_4,con,1,,8,0.6809999999999999
HS_4,inh,1,,8,0.168
HS_5,con,1,,8,1.338
HS_5,inh,1,,8,1.167
HS_3,con,2,,8,0.748
HS_3,inh,2,,8,0.431
HS_4,con,2,,8,0.495
HS_4,inh,2,,8,0.136
HS_5,con,2,,8,1.3430000000000002
HS_5,inh,2,,8,1.08
HS_3,con,3,,8,0.7759999999999999
HS_3,inh,3,,8,0.436
HS_4,con,3,,8,0.45899999999999996
HS_4,inh,3,,8,0.132
HS_5,con,3,,8,1.358
HS_5,inh,3,,8,1.102
HS_1,con,1,,4,0.823
HS_1,inh,1,,4,0.669
HS_2,con,1,,4,0.794
HS_2,inh,1,,4,0.684
HS_1,inh,2,,4,0.7609999999999999
HS_1,con,2,,4,0.82
HS_2,inh,2,,4,0.8270000000000001
HS_2,con,2,,4,0.71
HS_1,con,3,,4,0.773
HS_1,inh,3,,4,0.642
HS_2,con,3,,4,0.7440000000000001
HS_2,inh,3,,4,0.667
HS_3,con,1,,4,0.983
HS_3,inh,1,,4,0.935
HS_4,con,1,,4,0.767
HS_4,inh,1,,4,0.255
HS_5,con,1,,4,1.3219999999999998
HS_5,inh,1,,4,1.22
HS_3,con,2,,4,0.937
HS_3,inh,2,,4,0.8490000000000001
HS_4,con,2,,4,0.614
HS_4,inh,2,,4,0.242
HS_5,con,2,,4,1.351
HS_5,inh,2,,4,1.2309999999999999
HS_3,con,3,,4,0.943
HS_3,inh,3,,4,0.8909999999999999
HS_4,con,3,,4,0.573
HS_4,inh,3,,4,0.32299999999999995
HS_5,con,3,,4,1.367
HS_5,inh,3,,4,1.225
HS_1,con,1,,2,0.619
HS_1,inh,1,,2,0.813
HS_2,con,1,,2,0.809
HS_2,inh,1,,2,0.79
HS_1,inh,2,,2,0.807
HS_1,con,2,,2,0.835
HS_2,inh,2,,2,0.8320000000000001
HS_2,con,2,,2,0.757
HS_1,con,3,,2,0.797
HS_1,inh,3,,2,0.763
HS_2,con,3,,2,0.833
HS_2,inh,3,,2,0.725
HS_3,con,1,,2,1.016
HS_3,inh,1,,2,0.9620000000000001
HS_4,con,1,,2,0.77
HS_4,inh,1,,2,0.287
HS_5,con,1,,2,1.385
HS_5,inh,1,,2,1.3119999999999998
HS_3,con,2,,2,0.9740000000000001
HS_3,inh,2,,2,0.887
HS_4,con,2,,2,0.598
HS_4,inh,2,,2,0.25
HS_5,con,2,,2,1.3730000000000002
HS_5,inh,2,,2,1.2930000000000001
HS_3,con,3,,2,0.9590000000000001
HS_3,inh,3,,2,0.89
HS_4,con,3,,2,0.5660000000000001
HS_4,inh,3,,2,0.233
HS_5,con,3,,2,1.376
HS_5,inh,3,,2,1.295
HS_1,con,1,,1,0.644
HS_1,inh,1,,1,0.8220000000000001
HS_2,con,1,,1,0.871
HS_2,inh,1,,1,0.81
HS_1,inh,2,,1,0.841
HS_1,con,2,,1,0.866
HS_2,inh,2,,1,0.816
HS_2,con,2,,1,0.7659999999999999
HS_1,con,3,,1,0.7070000000000001
HS_1,inh,3,,1,0.7909999999999999
HS_2,con,3,,1,0.856
HS_2,inh,3,,1,0.8140000000000001
HS_3,con,1,,1,1.055
HS_3,inh,1,,1,0.8859999999999999
HS_4,con,1,,1,0.7140000000000001
HS_4,inh,1,,1,0.391
HS_5,con,1,,1,1.406
HS_5,inh,1,,1,1.3019999999999998
HS_3,con,2,,1,1.015
HS_3,inh,2,,1,0.971
HS_4,con,2,,1,0.695
HS_4,inh,2,,1,0.295
HS_5,con,2,,1,1.3630000000000002
HS_5,inh,2,,1,1.294
HS_3,con,3,,1,1.006
HS_3,inh,3,,1,0.917
HS_4,con,3,,1,0.593
HS_4,inh,3,,1,0.309
HS_5,con,3,,1,1.371
HS_5,inh,3,,1,1.286
HS_1,con,1,,0.5,0.68
HS_1,inh,1,,0.5,0.84
HS_2,con,1,,0.5,0.7959999999999999
HS_2,inh,1,,0.5,0.7979999999999999
HS_1,inh,2,,0.5,0.8320000000000001
HS_1,con,2,,0.5,0.862
HS_2,inh,2,,0.5,0.8540000000000001
HS_2,con,2,,0.5,0.818
HS_1,con,3,,0.5,0.805
HS_1,inh,3,,0.5,0.79
HS_2,con,3,,0.5,0.838
HS_2,inh,3,,0.5,0.76
HS_3,con,1,,0.5,1.1
HS_3,inh,1,,0.5,0.948
HS_4,con,1,,0.5,0.721
HS_4,inh,1,,0.5,0.35600000000000004
HS_5,con,1,,0.5,1.376
HS_5,inh,1,,0.5,1.2670000000000001
HS_3,con,2,,0.5,1.042
HS_3,inh,2,,0.5,0.96
HS_4,con,2,,0.5,0.5920000000000001
HS_4,inh,2,,0.5,0.303
HS_5,con,2,,0.5,1.368
HS_5,inh,2,,0.5,1.297
HS_3,con,3,,0.5,1.043
HS_3,inh,3,,0.5,0.9109999999999999
HS_4,con,3,,0.5,0.599
HS_4,inh,3,,0.5,0.302
HS_5,con,3,,0.5,1.368
HS_5,inh,3,,0.5,1.285
HS_1,con,1,,0.25,0.731
HS_1,inh,1,,0.25,0.847
HS_2,con,1,,0.25,0.865
HS_2,inh,1,,0.25,0.7979999999999999
HS_1,inh,2,,0.25,0.8340000000000001
HS_1,con,2,,0.25,0.758
HS_2,inh,2,,0.25,0.856
HS_2,con,2,,0.25,0.8059999999999999
HS_1,con,3,,0.25,0.821
HS_1,inh,3,,0.25,0.7659999999999999
HS_2,con,3,,0.25,0.879
HS_2,inh,3,,0.25,0.838
HS_3,con,1,,0.25,1.075
HS_3,inh,1,,0.25,0.973
HS_4,con,1,,0.25,0.589
HS_4,inh,1,,0.25,0.401
HS_5,con,1,,0.25,1.3159999999999998
HS_5,inh,1,,0.25,1.2409999999999999
HS_3,con,2,,0.25,1.053
HS_3,inh,2,,0.25,0.9309999999999999
HS_4,con,2,,0.25,0.633
HS_4,inh,2,,0.25,0.384
HS_5,con,2,,0.25,1.341
HS_5,inh,2,,0.25,1.301
HS_3,con,3,,0.25,1.032
HS_3,inh,3,,0.25,0.9209999999999999
HS_4,con,3,,0.25,0.585
HS_4,inh,3,,0.25,0.324
HS_5,con,3,,0.25,1.379
HS_5,inh,3,,0.25,1.2890000000000001
HS_1,con,1,,GC,0.7090000000000001
HS_1,inh,1,,GC,0.867
HS_2,con,1,,GC,0.77
HS_2,inh,1,,GC,0.813
HS_1,inh,2,,GC,0.818
HS_1,con,2,,GC,0.737
HS_2,inh,2,,GC,0.8009999999999999
HS_2,con,2,,GC,0.773
HS_1,con,3,,GC,0.727
HS_1,inh,3,,GC,0.8
HS_2,con,3,,GC,0.86
HS_2,inh,3,,GC,0.747
HS_3,con,1,,GC,1.129
HS_3,inh,1,,GC,0.96
HS_4,con,1,,GC,0.579
HS_4,inh,1,,GC,0.34600000000000003
HS_5,con,1,,GC,1.3519999999999999
HS_5,inh,1,,GC,1.3019999999999998
HS_3,con,2,,GC,1.099
HS_3,inh,2,,GC,0.943
HS_4,con,2,,GC,0.657
HS_4,inh,2,,GC,0.381
HS_5,con,2,,GC,1.3459999999999999
HS_5,inh,2,,GC,1.306
HS_3,con,3,,GC,1.043
HS_3,inh,3,,GC,0.929
HS_4,con,3,,GC,0.519
HS_4,inh,3,,GC,0.3
HS_5,con,3,,GC,1.371
HS_5,inh,3,,GC,1.29
HS_1,con,1,,SC,0.0
HS_1,inh,1,,SC,0.0
HS_2,con,1,,SC,0.0
HS_2,inh,1,,SC,0.0
HS_1,inh,2,,SC,-0.001
HS_1,con,2,,SC,0.0
HS_2,inh,2,,SC,0.001
HS_2,con,2,,SC,0.0
HS_1,con,3,,SC,-0.002
HS_1,inh,3,,SC,-0.001
HS_2,con,3,,SC,-0.002
HS_2,inh,3,,SC,0.0
HS_3,con,1,,SC,0.0
HS_3,inh,1,,SC,0.002
HS_4,con,1,,SC,-0.001
HS_4,inh,1,,SC,0.0
HS_5,con,1,,SC,0.001
HS_5,inh,1,,SC,-0.001
HS_3,con,2,,SC,0.0
HS_3,inh,2,,SC,0.001
HS_4,con,2,,SC,0.0
HS_4,inh,2,,SC,-0.001
HS_5,con,2,,SC,0.0
HS_5,inh,2,,SC,0.0
HS_3,con,3,,SC,0.0
HS_3,inh,3,,SC,0.0
HS_4,con,3,,SC,0.0
HS_4,inh,3,,SC,0.0
HS_5,con,3,,SC,0.0
HS_5,inh,3,,SC,0.001
